"(17808648, 0, -8.842411625664681e-05)",,,,,"(17808648, 0, -8.842411625664681e-05","17808648, 0, -8.842411625664681e-05"
"(17881117, 0, -1.8032889772064528e-36)",,,,,"(17881117, 0, -1.8032889772064528e-36","17881117, 0, -1.8032889772064528e-36"
"(17953730, 0, -584759193370624.0)",,,,,"(17953730, 0, -584759193370624.0","17953730, 0, -584759193370624.0"
"(18026359, 0, -6.253863345009705e-28)",,,,,"(18026359, 0, -6.253863345009705e-28","18026359, 0, -6.253863345009705e-28"
"(18099072, 0, -1.4944034291325763e-30)",,,,,"(18099072, 0, -1.4944034291325763e-30","18099072, 0, -1.4944034291325763e-30"
"(18171707, 0, 1.7036502440511855e-37)",,,,,"(18171707, 0, 1.7036502440511855e-37","18171707, 0, 1.7036502440511855e-37"
"(18246865, 0, 0.0066938744857907295)",,,,,"(18246865, 0, 0.0066938744857907295","18246865, 0, 0.0066938744857907295"
"(18379541, 0, -1.981032116967019e+33)",,,,,"(18379541, 0, -1.981032116967019e+33","18379541, 0, -1.981032116967019e+33"
"(18512561, 0, 2.1224950644809437e+27)",,,,,"(18512561, 0, 2.1224950644809437e+27","18512561, 0, 2.1224950644809437e+27"
"(18645320, 0, -1.4074774332129003e-12)",,,,,"(18645320, 0, -1.4074774332129003e-12","18645320, 0, -1.4074774332129003e-12"
"(18778604, 0, -927747.375)",,,,,"(18778604, 0, -927747.375","18778604, 0, -927747.375"
"(18911531, 0, -2.468892277358863e-35)",,,,,"(18911531, 0, -2.468892277358863e-35","18911531, 0, -2.468892277358863e-35"
"(19044377, 0, 3.568504075329097e-28)",,,,,"(19044377, 0, 3.568504075329097e-28","19044377, 0, 3.568504075329097e-28"
"(19177317, 0, 1.7580392696967076e+32)",,,,,"(19177317, 0, 1.7580392696967076e+32","19177317, 0, 1.7580392696967076e+32"
"(19309988, 0, -1.772577291082916e-28)",,,,,"(19309988, 0, -1.772577291082916e-28","19309988, 0, -1.772577291082916e-28"
"(19442840, 0, -2.477676053573777e+27)",,,,,"(19442840, 0, -2.477676053573777e+27","19442840, 0, -2.477676053573777e+27"
"(19575769, 0, -3.1675494034040685e+19)",,,,,"(19575769, 0, -3.1675494034040685e+19","19575769, 0, -3.1675494034040685e+19"
"(19708876, 0, -6.898191928590692e+29)",,,,,"(19708876, 0, -6.898191928590692e+29","19708876, 0, -6.898191928590692e+29"
"(19848662, 0, 1.3452052715250347e-37)",,,,,"(19848662, 0, 1.3452052715250347e-37","19848662, 0, 1.3452052715250347e-37"
"(19981772, 0, 8.794913853183567e-14)",,,,,"(19981772, 0, 8.794913853183567e-14","19981772, 0, 8.794913853183567e-14"
"(20114970, 0, -7.05891351860171e-32)",,,,,"(20114970, 0, -7.05891351860171e-32","20114970, 0, -7.05891351860171e-32"
"(20247820, 0, -2.120248229583913e+17)",,,,,"(20247820, 0, -2.120248229583913e+17","20247820, 0, -2.120248229583913e+17"
"(20380752, 0, 5.123265468975221e-26)",,,,,"(20380752, 0, 5.123265468975221e-26","20380752, 0, 5.123265468975221e-26"
"(20513600, 0, 2.4600854597860164e+24)",,,,,"(20513600, 0, 2.4600854597860164e+24","20513600, 0, 2.4600854597860164e+24"
"(20646620, 0, 1.33738061708203e-38)",,,,,"(20646620, 0, 1.33738061708203e-38","20646620, 0, 1.33738061708203e-38"
"(20779639, 0, -0.0023808267433196306)",,,,,"(20779639, 0, -0.0023808267433196306","20779639, 0, -0.0023808267433196306"
"(20912570, 0, 64.34292602539062)",,,,,"(20912570, 0, 64.34292602539062","20912570, 0, 64.34292602539062"
"(21045592, 0, -0.007277767639607191)",,,,,"(21045592, 0, -0.007277767639607191","21045592, 0, -0.007277767639607191"
"(21178354, 0, 1.5816447304336732e-33)",,,,,"(21178354, 0, 1.5816447304336732e-33","21178354, 0, 1.5816447304336732e-33"
"(21311287, 0, -9.360315841055651e-19)",,,,,"(21311287, 0, -9.360315841055651e-19","21311287, 0, -9.360315841055651e-19"
"(21444043, 0, 1.0357263194208076e+20)",,,,,"(21444043, 0, 1.0357263194208076e+20","21444043, 0, 1.0357263194208076e+20"
"(21576895, 0, -278972386508800.0)",,,,,"(21576895, 0, -278972386508800.0","21576895, 0, -278972386508800.0"
"(21709831, 0, -4.5320191055655666e+27)",,,,,"(21709831, 0, -4.5320191055655666e+27","21709831, 0, -4.5320191055655666e+27"
"(21857076, 0, -1.348379380702546e-37)",,,,,"(21857076, 0, -1.348379380702546e-37","21857076, 0, -1.348379380702546e-37"
"(21989841, 0, 18457614336.0)",,,,,"(21989841, 0, 18457614336.0","21989841, 0, 18457614336.0"
"(22122771, 0, -3.910961209641638e+27)",,,,,"(22122771, 0, -3.910961209641638e+27","22122771, 0, -3.910961209641638e+27"
"(22255967, 0, -7.918786459892857e-11)",,,,,"(22255967, 0, -7.918786459892857e-11","22255967, 0, -7.918786459892857e-11"
"(22388984, 0, 3.152164291779914e-17)",,,,,"(22388984, 0, 3.152164291779914e-17","22388984, 0, 3.152164291779914e-17"
"(22521742, 0, -8.711348354977853e-37)",,,,,"(22521742, 0, -8.711348354977853e-37","22521742, 0, -8.711348354977853e-37"
"(22654590, 0, 1.5198742151260376)",,,,,"(22654590, 0, 1.5198742151260376","22654590, 0, 1.5198742151260376"
"(22787703, 0, 2.1499568791938373e-09)",,,,,"(22787703, 0, 2.1499568791938373e-09","22787703, 0, 2.1499568791938373e-09"
"(22920814, 0, -3.9906948811283536e-16)",,,,,"(22920814, 0, -3.9906948811283536e-16","22920814, 0, -3.9906948811283536e-16"
"(23054099, 0, -0.4861249029636383)",,,,,"(23054099, 0, -0.4861249029636383","23054099, 0, -0.4861249029636383"
"(23187029, 0, 3.185121499882371e-08)",,,,,"(23187029, 0, 3.185121499882371e-08","23187029, 0, 3.185121499882371e-08"
"(23320223, 0, 2.4415239599912347e-29)",,,,,"(23320223, 0, 2.4415239599912347e-29","23320223, 0, 2.4415239599912347e-29"
"(23452990, 0, 578302016.0)",,,,,"(23452990, 0, 578302016.0","23452990, 0, 578302016.0"
"(23585749, 0, -4.236221338894478e-29)",,,,,"(23585749, 0, -4.236221338894478e-29","23585749, 0, -4.236221338894478e-29"
"(23725454, 0, 5.846849236314705e+34)",,,,,"(23725454, 0, 5.846849236314705e+34","23725454, 0, 5.846849236314705e+34"
"(23858300, 0, 9.246878358506045e+17)",,,,,"(23858300, 0, 9.246878358506045e+17","23858300, 0, 9.246878358506045e+17"
"(23991148, 0, 1.6378767469351947e-35)",,,,,"(23991148, 0, 1.6378767469351947e-35","23991148, 0, 1.6378767469351947e-35"
"(24124689, 0, -0.6323472857475281)",,,,,"(24124689, 0, -0.6323472857475281","24124689, 0, -0.6323472857475281"
"(24259797, 0, -74772328.0)",,,,,"(24259797, 0, -74772328.0","24259797, 0, -74772328.0"
"(24394292, 0, 16417419165696.0)",,,,,"(24394292, 0, 16417419165696.0","24394292, 0, 16417419165696.0"
"(24528702, 0, 4.982801503626602e+32)",,,,,"(24528702, 0, 4.982801503626602e+32","24528702, 0, 4.982801503626602e+32"
"(24663545, 0, -2.967579307289192e-12)",,,,,"(24663545, 0, -2.967579307289192e-12","24663545, 0, -2.967579307289192e-12"
"(24798397, 0, 1.3465066175372549e+26)",,,,,"(24798397, 0, 1.3465066175372549e+26","24798397, 0, 1.3465066175372549e+26"
"(24933495, 0, 167663242313728.0)",,,,,"(24933495, 0, 167663242313728.0","24933495, 0, 167663242313728.0"
"(25068255, 0, -7.738584173466734e-08)",,,,,"(25068255, 0, -7.738584173466734e-08","25068255, 0, -7.738584173466734e-08"
"(25203186, 0, 1.4979741673292043e-15)",,,,,"(25203186, 0, 1.4979741673292043e-15","25203186, 0, 1.4979741673292043e-15"
"(25338028, 0, 497685397504.0)",,,,,"(25338028, 0, 497685397504.0","25338028, 0, 497685397504.0"
"(25473044, 0, -1.309299303639773e+31)",,,,,"(25473044, 0, -1.309299303639773e+31","25473044, 0, -1.309299303639773e+31"
"(25608233, 0, -1.3417097222262993e-30)",,,,,"(25608233, 0, -1.3417097222262993e-30","25608233, 0, -1.3417097222262993e-30"
"(25749751, 0, 33366.22265625)",,,,,"(25749751, 0, 33366.22265625","25749751, 0, 33366.22265625"
"(25884165, 0, -112755.09375)",,,,,"(25884165, 0, -112755.09375","25884165, 0, -112755.09375"
"(26019356, 0, -1787304.25)",,,,,"(26019356, 0, -1787304.25","26019356, 0, -1787304.25"
"(26154197, 0, 1.2648486962609124e+35)",,,,,"(26154197, 0, 1.2648486962609124e+35","26154197, 0, 1.2648486962609124e+35"
"(26289218, 0, 7.620802498539974e+23)",,,,,"(26289218, 0, 7.620802498539974e+23","26289218, 0, 7.620802498539974e+23"
"(26424058, 0, 3.552513126402148e+33)",,,,,"(26424058, 0, 3.552513126402148e+33","26424058, 0, 3.552513126402148e+33"
"(26559161, 0, -1.9713889354429977e+34)",,,,,"(26559161, 0, -1.9713889354429977e+34","26559161, 0, -1.9713889354429977e+34"
"(26694356, 0, -1.5244716039278258e-25)",,,,,"(26694356, 0, -1.5244716039278258e-25","26694356, 0, -1.5244716039278258e-25"
"(26829288, 0, 1.5270824479441534e-17)",,,,,"(26829288, 0, 1.5270824479441534e-17","26829288, 0, 1.5270824479441534e-17"
"(26964038, 0, -3.181029654267972e-32)",,,,,"(26964038, 0, -3.181029654267972e-32","26964038, 0, -3.181029654267972e-32"
"(27098619, 0, -6.142235842367101e-18)",,,,,"(27098619, 0, -6.142235842367101e-18","27098619, 0, -6.142235842367101e-18"
"(27233466, 0, 1.4540787429129853e+23)",,,,,"(27233466, 0, 1.4540787429129853e+23","27233466, 0, 1.4540787429129853e+23"
"(27368308, 0, -2.471914768218994)",,,,,"(27368308, 0, -2.471914768218994","27368308, 0, -2.471914768218994"
"(27503063, 0, 4.429864957890585e-19)",,,,,"(27503063, 0, 4.429864957890585e-19","27503063, 0, 4.429864957890585e-19"
"(27644408, 0, 26322659180544.0)",,,,,"(27644408, 0, 26322659180544.0","27644408, 0, 26322659180544.0"
"(27779079, 0, 0.0064131333492696285)",,,,,"(27779079, 0, 0.0064131333492696285","27779079, 0, 0.0064131333492696285"
"(27914092, 0, -2.5465649128962743e+21)",,,,,"(27914092, 0, -2.5465649128962743e+21","27914092, 0, -2.5465649128962743e+21"
"(28049115, 0, 8.300462984103013e+26)",,,,,"(28049115, 0, 8.300462984103013e+26","28049115, 0, 8.300462984103013e+26"
"(28183781, 0, -1.9151305492165369e-34)",,,,,"(28183781, 0, -1.9151305492165369e-34","28183781, 0, -1.9151305492165369e-34"
"(28318709, 0, -3.9312098408998393e+24)",,,,,"(28318709, 0, -3.9312098408998393e+24","28318709, 0, -3.9312098408998393e+24"
"(28453548, 0, -1.5276598371508583e+22)",,,,,"(28453548, 0, -1.5276598371508583e+22","28453548, 0, -1.5276598371508583e+22"
"(28588217, 0, 3.8012337218685116e+23)",,,,,"(28588217, 0, 3.8012337218685116e+23","28588217, 0, 3.8012337218685116e+23"
"(28722630, 0, 2.1248249961431426e-17)",,,,,"(28722630, 0, 2.1248249961431426e-17","28722630, 0, 2.1248249961431426e-17"
"(28857298, 0, -1.579673290416044e+32)",,,,,"(28857298, 0, -1.579673290416044e+32","28857298, 0, -1.579673290416044e+32"
"(28991964, 0, 8.98475180294867e+28)",,,,,"(28991964, 0, 8.98475180294867e+28","28991964, 0, 8.98475180294867e+28"
"(29126722, 0, -3.287547844728613e+35)",,,,,"(29126722, 0, -3.287547844728613e+35","29126722, 0, -3.287547844728613e+35"
"(29261301, 0, -6.209565265494809e+30)",,,,,"(29261301, 0, -6.209565265494809e+30","29261301, 0, -6.209565265494809e+30"
"(29396229, 0, 1.4683060906035326e-37)",,,,,"(29396229, 0, 1.4683060906035326e-37","29396229, 0, 1.4683060906035326e-37"
"(29538197, 0, 1.5231155095843385e-12)",,,,,"(29538197, 0, 1.5231155095843385e-12","29538197, 0, 1.5231155095843385e-12"
"(29672599, 0, 1.1443832233730794e-22)",,,,,"(29672599, 0, 1.1443832233730794e-22","29672599, 0, 1.1443832233730794e-22"
"(29807707, 0, -4.977368606104827e+28)",,,,,"(29807707, 0, -4.977368606104827e+28","29807707, 0, -4.977368606104827e+28"
"(29942638, 0, 3731.126953125)",,,,,"(29942638, 0, 3731.126953125","29942638, 0, 3731.126953125"
"(30077566, 0, 1.5338486250340101e-34)",,,,,"(30077566, 0, 1.5338486250340101e-34","30077566, 0, 1.5338486250340101e-34"
"(30212327, 0, 4.946527184782691e+27)",,,,,"(30212327, 0, 4.946527184782691e+27","30212327, 0, 4.946527184782691e+27"
"(30347257, 0, -4213439463424.0)",,,,,"(30347257, 0, -4213439463424.0","30347257, 0, -4213439463424.0"
"(30481928, 0, nan)",,,,,"(30481928, 0, nan","30481928, 0, nan"
"(30616591, 0, 0.0038345109205693007)",,,,,"(30616591, 0, 0.0038345109205693007","30616591, 0, 0.0038345109205693007"
"(30751089, 0, -2.9894457430860986e+35)",,,,,"(30751089, 0, -2.9894457430860986e+35","30751089, 0, -2.9894457430860986e+35"
"(30885933, 0, -7.311603522359613e-26)",,,,,"(30885933, 0, -7.311603522359613e-26","30885933, 0, -7.311603522359613e-26"
"(31020775, 0, 1569214.75)",,,,,"(31020775, 0, 1569214.75","31020775, 0, 1569214.75"
"(31155704, 0, -8.606984859118167e+33)",,,,,"(31155704, 0, -8.606984859118167e+33","31155704, 0, -8.606984859118167e+33"
"(31290550, 0, -1.0088421309330446e-17)",,,,,"(31290550, 0, -1.0088421309330446e-17","31290550, 0, -1.0088421309330446e-17"
"(31425128, 0, 604020604928.0)",,,,,"(31425128, 0, 604020604928.0","31425128, 0, 604020604928.0"
"(31565877, 0, 1.0630541091831336e+20)",,,,,"(31565877, 0, 1.0630541091831336e+20","31565877, 0, 1.0630541091831336e+20"
"(31700463, 0, 3.306742593415965e-18)",,,,,"(31700463, 0, 3.306742593415965e-18","31700463, 0, 3.306742593415965e-18"
"(31834780, 0, 138504.71875)",,,,,"(31834780, 0, 138504.71875","31834780, 0, 138504.71875"
"(31969795, 0, -1.9800917090868897e-13)",,,,,"(31969795, 0, -1.9800917090868897e-13","31969795, 0, -1.9800917090868897e-13"
"(32104984, 0, -3.089340968572035e-19)",,,,,"(32104984, 0, -3.089340968572035e-19","32104984, 0, -3.089340968572035e-19"
"(32240259, 0, 1.1459289973859658e+30)",,,,,"(32240259, 0, 1.1459289973859658e+30","32240259, 0, 1.1459289973859658e+30"
"(32375624, 0, 1518293.25)",,,,,"(32375624, 0, 1518293.25","32375624, 0, 1518293.25"
"(32510986, 0, 2.7095182158374397e+28)",,,,,"(32510986, 0, 2.7095182158374397e+28","32510986, 0, 2.7095182158374397e+28"
"(32646262, 0, 17866328064.0)",,,,,"(32646262, 0, 17866328064.0","32646262, 0, 17866328064.0"
"(32782149, 0, 2.801146359136808e-13)",,,,,"(32782149, 0, 2.801146359136808e-13","32782149, 0, 2.801146359136808e-13"
"(32917511, 0, 9.512354733495966e-26)",,,,,"(32917511, 0, 9.512354733495966e-26","32917511, 0, 9.512354733495966e-26"
"(33053662, 0, 111736.0390625)",,,,,"(33053662, 0, 111736.0390625","33053662, 0, 111736.0390625"
"(33189020, 153, -1.7563942716398914e-32)",,,,,"(33189020, 153, -1.7563942716398914e-32","33189020, 153, -1.7563942716398914e-32"
"(33324127, 0, -1.8048729629585414e+24)",,,,,"(33324127, 0, -1.8048729629585414e+24","33324127, 0, -1.8048729629585414e+24"
"(33465820, 0, 5.283759877582255e+37)",,,,,"(33465820, 0, 5.283759877582255e+37","33465820, 0, 5.283759877582255e+37"
"(33602139, 0, -8.483334786160653e-38)",,,,,"(33602139, 0, -8.483334786160653e-38","33602139, 0, -8.483334786160653e-38"
"(33737758, 0, -1.5966712354615638e-25)",,,,,"(33737758, 0, -1.5966712354615638e-25","33737758, 0, -1.5966712354615638e-25"
"(33874080, 0, -5.751210092898335e+37)",,,,,"(33874080, 0, -5.751210092898335e+37","33874080, 0, -5.751210092898335e+37"
"(34009441, 51, -1.2369989988279323e-29)",,,,,"(34009441, 51, -1.2369989988279323e-29","34009441, 51, -1.2369989988279323e-29"
"(34145930, 0, 2.2818904751864544e-11)",,,,,"(34145930, 0, 2.2818904751864544e-11","34145930, 0, 2.2818904751864544e-11"
"(34282253, 0, 2.5148124948297312e+20)",,,,,"(34282253, 0, 2.5148124948297312e+20","34282253, 0, 2.5148124948297312e+20"
"(34417699, 204, -1.625768472996741e+17)",,,,,"(34417699, 204, -1.625768472996741e+17","34417699, 204, -1.625768472996741e+17"
"(34553066, 153, 0.030001621693372726)",,,,,"(34553066, 153, 0.030001621693372726","34553066, 153, 0.030001621693372726"
"(34688079, 0, 1.3199644854466897e-05)",,,,,"(34688079, 0, 1.3199644854466897e-05","34688079, 0, 1.3199644854466897e-05"
"(34822580, 0, -3.275516553074806e+34)",,,,,"(34822580, 0, -3.275516553074806e+34","34822580, 0, -3.275516553074806e+34"
"(34957330, 0, -20307416.0)",,,,,"(34957330, 0, -20307416.0","34957330, 0, -20307416.0"
"(35092355, 0, 1.033028384428961e-33)",,,,,"(35092355, 0, 1.033028384428961e-33","35092355, 0, 1.033028384428961e-33"
"(35227110, 0, -1.1364538643476862e-08)",,,,,"(35227110, 0, -1.1364538643476862e-08","35227110, 0, -1.1364538643476862e-08"
"(35361690, 0, -1.3663942160163013e+19)",,,,,"(35361690, 0, -1.3663942160163013e+19","35361690, 0, -1.3663942160163013e+19"
"(35503305, 0, -8.747203517067703e-10)",,,,,"(35503305, 0, -8.747203517067703e-10","35503305, 0, -8.747203517067703e-10"
"(35637809, 0, -9.867759684075932e+30)",,,,,"(35637809, 0, -9.867759684075932e+30","35637809, 0, -9.867759684075932e+30"
"(35772047, 0, -18060.453125)",,,,,"(35772047, 0, -18060.453125","35772047, 0, -18060.453125"
"(35907149, 0, 9.187216428426794e-28)",,,,,"(35907149, 0, 9.187216428426794e-28","35907149, 0, 9.187216428426794e-28"
"(36043639, 0, -4.451267285672704e+31)",,,,,"(36043639, 0, -4.451267285672704e+31","36043639, 0, -4.451267285672704e+31"
"(36179433, 0, 4.77677080108345e+27)",,,,,"(36179433, 0, 4.77677080108345e+27","36179433, 0, 4.77677080108345e+27"
"(36315493, 0, 2.070979970630535e-14)",,,,,"(36315493, 0, 2.070979970630535e-14","36315493, 0, 2.070979970630535e-14"
"(36451902, 0, 5.79248562618423e+25)",,,,,"(36451902, 0, 5.79248562618423e+25","36451902, 0, 5.79248562618423e+25"
"(36588563, 0, -6.533196937175237e+18)",,,,,"(36588563, 0, -6.533196937175237e+18","36588563, 0, -6.533196937175237e+18"
"(36724357, 0, -1.560827531013479e+26)",,,,,"(36724357, 0, -1.560827531013479e+26","36724357, 0, -1.560827531013479e+26"
"(36861288, 0, -1675747072.0)",,,,,"(36861288, 0, -1675747072.0","36861288, 0, -1675747072.0"
"(36997952, 0, -0.006158831529319286)",,,,,"(36997952, 0, -0.006158831529319286","36997952, 0, -0.006158831529319286"
"(37133579, 102, 3.571379339854412e+30)",,,,,"(37133579, 102, 3.571379339854412e+30","37133579, 102, 3.571379339854412e+30"
"(37270074, 0, 8.64879265133378e+37)",,,,,"(37270074, 0, 8.64879265133378e+37","37270074, 0, 8.64879265133378e+37"
"(37412297, 0, -8623075360768.0)",,,,,"(37412297, 0, -8623075360768.0","37412297, 0, -8623075360768.0"
"(37547654, 0, 6.660579784429448e-20)",,,,,"(37547654, 0, 6.660579784429448e-20","37547654, 0, 6.660579784429448e-20"
"(37682932, 0, 9.649254238884041e+33)",,,,,"(37682932, 0, 9.649254238884041e+33","37682932, 0, 9.649254238884041e+33"
"(37817779, 0, -9.124687008818324e-37)",,,,,"(37817779, 0, -9.124687008818324e-37","37817779, 0, -9.124687008818324e-37"
"(37952529, 0, 0.06231652572751045)",,,,,"(37952529, 0, 0.06231652572751045","37952529, 0, 0.06231652572751045"
"(38087286, 0, 1.3291348781947678e-15)",,,,,"(38087286, 0, 1.3291348781947678e-15","38087286, 0, 1.3291348781947678e-15"
"(38222128, 0, -9.97532320477215e-21)",,,,,"(38222128, 0, -9.97532320477215e-21","38222128, 0, -9.97532320477215e-21"
"(38356968, 0, 4.763954298448942e+26)",,,,,"(38356968, 0, 4.763954298448942e+26","38356968, 0, 4.763954298448942e+26"
"(38491636, 0, -3.811271138043866e+37)",,,,,"(38491636, 0, -3.811271138043866e+37","38491636, 0, -3.811271138043866e+37"
"(38626222, 0, -1.2169880886522675e+17)",,,,,"(38626222, 0, -1.2169880886522675e+17","38626222, 0, -1.2169880886522675e+17"
"(38761148, 0, -1.3272586704026729e+32)",,,,,"(38761148, 0, -1.3272586704026729e+32","38761148, 0, -1.3272586704026729e+32"
"(38896253, 0, -120987.8984375)",,,,,"(38896253, 0, -120987.8984375","38896253, 0, -120987.8984375"
"(39031613, 0, -6389828157440.0)",,,,,"(39031613, 0, -6389828157440.0","39031613, 0, -6389828157440.0"
"(39166541, 0, -7.82116969398369e-38)",,,,,"(39166541, 0, -7.82116969398369e-38","39166541, 0, -7.82116969398369e-38"
"(39307894, 0, 0.0006354694487527013)",,,,,"(39307894, 0, 0.0006354694487527013","39307894, 0, 0.0006354694487527013"
"(39442302, 0, 7.209121791274588e+22)",,,,,"(39442302, 0, 7.209121791274588e+22","39442302, 0, 7.209121791274588e+22"
"(39577578, 0, 1.50674665978115e+30)",,,,,"(39577578, 0, 1.50674665978115e+30","39577578, 0, 1.50674665978115e+30"
"(39712590, 0, -7.184550425788416e+16)",,,,,"(39712590, 0, -7.184550425788416e+16","39712590, 0, -7.184550425788416e+16"
"(39847521, 0, 21795.6484375)",,,,,"(39847521, 0, 21795.6484375","39847521, 0, 21795.6484375"
"(39982022, 0, -9.48839122081499e+23)",,,,,"(39982022, 0, -9.48839122081499e+23","39982022, 0, -9.48839122081499e+23"
"(40116953, 0, -6.05084713297104e-23)",,,,,"(40116953, 0, -6.05084713297104e-23","40116953, 0, -6.05084713297104e-23"
"(40251879, 0, -3.7100414028544297e-20)",,,,,"(40251879, 0, -3.7100414028544297e-20","40251879, 0, -3.7100414028544297e-20"
"(40386984, 0, -5.117978683425801e-25)",,,,,"(40386984, 0, -5.117978683425801e-25","40386984, 0, -5.117978683425801e-25"
"(40522256, 0, 5.322199067754754e-29)",,,,,"(40522256, 0, 5.322199067754754e-29","40522256, 0, 5.322199067754754e-29"
"(40657275, 0, 7.20754017282514e+19)",,,,,"(40657275, 0, 7.20754017282514e+19","40657275, 0, 7.20754017282514e+19"
"(40791681, 0, -2.904130716489684e+29)",,,,,"(40791681, 0, -2.904130716489684e+29","40791681, 0, -2.904130716489684e+29"
"(40926357, 0, 2.969594175054012e-15)",,,,,"(40926357, 0, 2.969594175054012e-15","40926357, 0, 2.969594175054012e-15"
"(41061107, 0, 7.010162288623837e+33)",,,,,"(41061107, 0, 7.010162288623837e+33","41061107, 0, 7.010162288623837e+33"
"(41195864, 0, -3.31554247168242e-07)",,,,,"(41195864, 0, -3.31554247168242e-07","41195864, 0, -3.31554247168242e-07"
"(41337559, 0, 1.3645373875321023e+27)",,,,,"(41337559, 0, 1.3645373875321023e+27","41337559, 0, 1.3645373875321023e+27"
"(41472411, 0, -6.3637015929686115e-21)",,,,,"(41472411, 0, -6.3637015929686115e-21","41472411, 0, -6.3637015929686115e-21"
"(41606990, 0, -2.4740526312178424e+20)",,,,,"(41606990, 0, -2.4740526312178424e+20","41606990, 0, -2.4740526312178424e+20"
"(41741833, 0, 24230214.0)",,,,,"(41741833, 0, 24230214.0","41741833, 0, 24230214.0"
"(41877715, 0, -7.03403120431486e-29)",,,,,"(41877715, 0, -7.03403120431486e-29","41877715, 0, -7.03403120431486e-29"
"(42012815, 0, -9.152702766911928e+28)",,,,,"(42012815, 0, -9.152702766911928e+28","42012815, 0, -9.152702766911928e+28"
"(42148182, 0, 8.912368652660233e-21)",,,,,"(42148182, 0, 8.912368652660233e-21","42148182, 0, 8.912368652660233e-21"
"(42284244, 154, 3.1775972695382882e-31)",,,,,"(42284244, 154, 3.1775972695382882e-31","42284244, 154, 3.1775972695382882e-31"
"(42420130, 0, -7.598060852308908e-23)",,,,,"(42420130, 0, -7.598060852308908e-23","42420130, 0, -7.598060852308908e-23"
"(42555577, 0, 3.331490527195279e+29)",,,,,"(42555577, 0, 3.331490527195279e+29","42555577, 0, 3.331490527195279e+29"
"(42691375, 155, -4.097709461156239e+25)",,,,,"(42691375, 155, -4.097709461156239e+25","42691375, 155, -4.097709461156239e+25"
"(42826564, 0, -588535552.0)",,,,,"(42826564, 0, -588535552.0","42826564, 0, -588535552.0"
"(42961057, 0, 1.8051247181398016e+16)",,,,,"(42961057, 0, 1.8051247181398016e+16","42961057, 0, 1.8051247181398016e+16"
"(43095468, 0, -1.8913298743212114e+18)",,,,,"(43095468, 0, -1.8913298743212114e+18","43095468, 0, -1.8913298743212114e+18"
"(43236471, 0, -9.620769105822546e-07)",,,,,"(43236471, 0, -9.620769105822546e-07","43236471, 0, -9.620769105822546e-07"
"(43371397, 0, -7.369986939648514e-32)",,,,,"(43371397, 0, -7.369986939648514e-32","43371397, 0, -7.369986939648514e-32"
"(43506765, 0, -8.374486923217773)",,,,,"(43506765, 0, -8.374486923217773","43506765, 0, -8.374486923217773"
"(43642127, 0, -4.5693825440495274e+36)",,,,,"(43642127, 0, -4.5693825440495274e+36","43642127, 0, -4.5693825440495274e+36"
"(43776793, 0, 1.3073517687773144e-20)",,,,,"(43776793, 0, 1.3073517687773144e-20","43776793, 0, 1.3073517687773144e-20"
"(43911376, 0, -3.9756658023645765e+25)",,,,,"(43911376, 0, -3.9756658023645765e+25","43911376, 0, -3.9756658023645765e+25"
"(44046481, 0, -1.9689033531889805e-36)",,,,,"(44046481, 0, -1.9689033531889805e-36","44046481, 0, -1.9689033531889805e-36"
"(44181151, 0, 1.662911358784703e-37)",,,,,"(44181151, 0, 1.662911358784703e-37","44181151, 0, 1.662911358784703e-37"
"(44315907, 0, 42084175872.0)",,,,,"(44315907, 0, 42084175872.0","44315907, 0, 42084175872.0"
"(44450401, 0, -1151596.75)",,,,,"(44450401, 0, -1151596.75","44450401, 0, -1151596.75"
"(44584898, 0, 2.3069012063054156e-35)",,,,,"(44584898, 0, 2.3069012063054156e-35","44584898, 0, 2.3069012063054156e-35"
"(44719223, 0, -23143096.0)",,,,,"(44719223, 0, -23143096.0","44719223, 0, -23143096.0"
"(44853376, 0, -2.090954222340748e-25)",,,,,"(44853376, 0, -2.090954222340748e-25","44853376, 0, -2.090954222340748e-25"
"(44987953, 0, -2.849372391267094e+32)",,,,,"(44987953, 0, -2.849372391267094e+32","44987953, 0, -2.849372391267094e+32"
"(45122449, 0, 0.0005687404191121459)",,,,,"(45122449, 0, 0.0005687404191121459","45122449, 0, 0.0005687404191121459"
"(45264497, 0, 7.450073247393344e+27)",,,,,"(45264497, 0, 7.450073247393344e+27","45264497, 0, 7.450073247393344e+27"
"(45399429, 0, 1.9805133089079163e-09)",,,,,"(45399429, 0, 1.9805133089079163e-09","45399429, 0, 1.9805133089079163e-09"
"(45534268, 0, 6.042037106853184e-37)",,,,,"(45534268, 0, 6.042037106853184e-37","45534268, 0, 6.042037106853184e-37"
"(45669201, 0, 6.862034280924004e-25)",,,,,"(45669201, 0, 6.862034280924004e-25","45669201, 0, 6.862034280924004e-25"
"(45803864, 0, -7.844967567719679e+27)",,,,,"(45803864, 0, -7.844967567719679e+27","45803864, 0, -7.844967567719679e+27"
"(45938798, 0, -70739.7734375)",,,,,"(45938798, 0, -70739.7734375","45938798, 0, -70739.7734375"
"(46073379, 0, 1.3882524597085914e+32)",,,,,"(46073379, 0, 1.3882524597085914e+32","46073379, 0, 1.3882524597085914e+32"
"(46208221, 0, 1165264384.0)",,,,,"(46208221, 0, 1165264384.0","46208221, 0, 1165264384.0"
"(46343409, 0, 1.737058105446053e-24)",,,,,"(46343409, 0, 1.737058105446053e-24","46343409, 0, 1.737058105446053e-24"
"(46478683, 0, -5.05654693650282e-31)",,,,,"(46478683, 0, -5.05654693650282e-31","46478683, 0, -5.05654693650282e-31"
"(46613609, 0, -1.3638908479421809e+18)",,,,,"(46613609, 0, -1.3638908479421809e+18","46613609, 0, -1.3638908479421809e+18"
"(46748716, 0, -1.0530565098831872e+16)",,,,,"(46748716, 0, -1.0530565098831872e+16","46748716, 0, -1.0530565098831872e+16"
"(46884076, 0, 8.173385140253231e-05)",,,,,"(46884076, 0, 8.173385140253231e-05","46884076, 0, 8.173385140253231e-05"
"(47019091, 0, -0.00019886808877345175)",,,,,"(47019091, 0, -0.00019886808877345175","47019091, 0, -0.00019886808877345175"
"(47161659, 52, -1.1113700706899325e+37)",,,,,"(47161659, 52, -1.1113700706899325e+37","47161659, 52, -1.1113700706899325e+37"
"(47297190, 103, -2.1031923146015074e-23)",,,,,"(47297190, 103, -2.1031923146015074e-23","47297190, 103, -2.1031923146015074e-23"
"(47433684, 0, 3.771683837122935e-22)",,,,,"(47433684, 0, 3.771683837122935e-22","47433684, 0, 3.771683837122935e-22"
"(47569048, 205, -3.064048505630307e-37)",,,,,"(47569048, 205, -3.064048505630307e-37","47569048, 205, -3.064048505630307e-37"
"(47704410, 0, -6.5066109895739e+33)",,,,,"(47704410, 0, -6.5066109895739e+33","47704410, 0, -6.5066109895739e+33"
"(47840117, 0, -1.4465348363579267e-10)",,,,,"(47840117, 0, -1.4465348363579267e-10","47840117, 0, -1.4465348363579267e-10"
"(47975564, 154, -155525.28125)",,,,,"(47975564, 154, -155525.28125","47975564, 154, -155525.28125"
"(48111102, 154, 6.573503696927219e-07)",,,,,"(48111102, 154, 6.573503696927219e-07","48111102, 154, 6.573503696927219e-07"
"(48246467, 0, -9.448862803296265e-10)",,,,,"(48246467, 0, -9.448862803296265e-10","48246467, 0, -9.448862803296265e-10"
"(48381661, 0, 8.785158781661373e-30)",,,,,"(48381661, 0, 8.785158781661373e-30","48381661, 0, 8.785158781661373e-30"
"(48516852, 0, 3.1861739913097153e-09)",,,,,"(48516852, 0, 3.1861739913097153e-09","48516852, 0, 3.1861739913097153e-09"
"(48652215, 0, -5.41878113289717e-14)",,,,,"(48652215, 0, -5.41878113289717e-14","48652215, 0, -5.41878113289717e-14"
"(48787580, 0, -1.1249144695595104e+32)",,,,,"(48787580, 0, -1.1249144695595104e+32","48787580, 0, -1.1249144695595104e+32"
"(48923547, 0, -4.337032867498472e+33)",,,,,"(48923547, 0, -4.337032867498472e+33","48923547, 0, -4.337032867498472e+33"
"(49067502, 0, -1.0985901308452348e-32)",,,,,"(49067502, 0, -1.0985901308452348e-32","49067502, 0, -1.0985901308452348e-32"
"(49205559, 0, -1.091319286174699e-19)",,,,,"(49205559, 0, -1.091319286174699e-19","49205559, 0, -1.091319286174699e-19"
"(49344391, 0, 3.811678891105388e+32)",,,,,"(49344391, 0, 3.811678891105388e+32","49344391, 0, 3.811678891105388e+32"
"(49483228, 0, 2.5404265653633016e+38)",,,,,"(49483228, 0, 2.5404265653633016e+38","49483228, 0, 2.5404265653633016e+38"
"(49622059, 0, 7.89628101403525e-14)",,,,,"(49622059, 0, 7.89628101403525e-14","49622059, 0, 7.89628101403525e-14"
"(49760548, 0, -4.8840142535216915e-23)",,,,,"(49760548, 0, -4.8840142535216915e-23","49760548, 0, -4.8840142535216915e-23"
"(49897649, 0, -343.328857421875)",,,,,"(49897649, 0, -343.328857421875","49897649, 0, -343.328857421875"
"(50034747, 0, 18034253103104.0)",,,,,"(50034747, 0, 18034253103104.0","50034747, 0, 18034253103104.0"
"(50170368, 0, -8.764755713535568e+31)",,,,,"(50170368, 0, -8.764755713535568e+31","50170368, 0, -8.764755713535568e+31"
"(50305556, 0, 9.615868082440693e+37)",,,,,"(50305556, 0, 9.615868082440693e+37","50305556, 0, 9.615868082440693e+37"
"(50440918, 0, -4.154965695862065e+35)",,,,,"(50440918, 0, -4.154965695862065e+35","50440918, 0, -4.154965695862065e+35"
"(50577672, 0, -16856367104.0)",,,,,"(50577672, 0, -16856367104.0","50577672, 0, -16856367104.0"
"(50713380, 0, -1.4821991514322923e+22)",,,,,"(50713380, 0, -1.4821991514322923e+22","50713380, 0, -1.4821991514322923e+22"
"(50848135, 0, 1.2314505855584353e-31)",,,,,"(50848135, 0, 1.2314505855584353e-31","50848135, 0, 1.2314505855584353e-31"
"(50989750, 0, 5.5304600923580886e-17)",,,,,"(50989750, 0, 5.5304600923580886e-17","50989750, 0, 5.5304600923580886e-17"
"(51124592, 0, -2.966551435011308e-20)",,,,,"(51124592, 0, -2.966551435011308e-20","51124592, 0, -2.966551435011308e-20"
"(51259348, 0, -2.873992841043163e-24)",,,,,"(51259348, 0, -2.873992841043163e-24","51259348, 0, -2.873992841043163e-24"
"(51393935, 0, -26692204544.0)",,,,,"(51393935, 0, -26692204544.0","51393935, 0, -26692204544.0"
"(51529554, 0, -1.2288034571352318e-20)",,,,,"(51529554, 0, -1.2288034571352318e-20","51529554, 0, -1.2288034571352318e-20"
"(51665874, 0, 34484940800.0)",,,,,"(51665874, 0, 34484940800.0","51665874, 0, 34484940800.0"
"(51801931, 205, -5.607317949693594e-29)",,,,,"(51801931, 205, -5.607317949693594e-29","51801931, 205, -5.607317949693594e-29"
"(51938855, 0, -3.957424277329304e-32)",,,,,"(51938855, 0, -3.957424277329304e-32","51938855, 0, -3.957424277329304e-32"